name,alt_name,company,state,municipality,fuel_bucket,technology,capacity_mw,commission_year,closure_year,lat,lon
Werkskraftwerk Sappi Ehingen,,Sappi Ehingen GmbH,Baden-Württemberg,Ehingen,natural_gas,Steam turbine,13.2,1990.0,,48.26698,9.72615
Werkskraftwerk Sappi Ehingen,,Sappi Ehingen GmbH,Baden-Württemberg,Ehingen,natural_gas,Steam turbine,8.0,1961.0,,48.26693,9.72626
Emden Gas,,Statkraft Markets GmbH,Niedersachsen,Emden,natural_gas,Gas turbine,52.0,1973.0,,53.34217,7.206239999999999
Heizkraftwerk Altbach/Deizisau,Altbach/Deizisau HKW 2,EnBW Energie Baden-Württemberg AG,Baden-Württemberg,Altbach,hard_coal,Steam turbine,433.0,1985.0,,48.717611,9.374917
Bergkamen,Bergkamen A,STEAG GmbH,Nordrhein-Westfalen,Bergkamen,hard_coal,Steam turbine,717.0,1981.0,,51.63702,7.6191
Reuter,,Vattenfall Wärme Berlin AG,Berlin,Berlin,hard_coal,Steam turbine,124.0,1969.0,2019.0,52.532146,13.246072
Moabit,Berlin-Moabit A,Vattenfall Wärme Berlin AG,Berlin,Berlin,hard_coal,Steam turbine,89.0,1990.0,,52.53735111,13.34611416
Reuter West,Berlin-Reuter-West D,Vattenfall Wärme Berlin AG,Berlin,Berlin,hard_coal,Steam turbine,282.0,1987.0,,52.53508792,13.24264526
Reuter West,Berlin-Reuter-West E,Vattenfall Wärme Berlin AG,Berlin,Berlin,hard_coal,Steam turbine,282.0,1988.0,,52.53508792,13.24264526
Kraftwerk Bexbach,Bexbach,STEAG GmbH,Saarland,Bexbach,hard_coal,Steam turbine,726.0,1983.0,,49.363481,7.237136
HKW-Mitte,Braunschweig-Mitte,Braunschweiger Versorgungs-AG & Co. KG,Niedersachsen,Braunschweig,hard_coal,Combined cycle,43.3,1984.0,,52.278611,10.514722
KW Hastedt,Bremen-Hastedt 15,swb Erzeugung AG & Co. KG,Bremen,Bremen,hard_coal,Steam turbine,119.0,1989.0,,53.060080000000006,8.873280000000001
KW Hafen,,swb Erzeugung GmbH & Co. KG,Bremen,Bremen,hard_coal,Steam turbine,127.0,1968.0,2016.0,53.12481999999999,8.72887
KW Hafen,"Bremen-Hafen 6, (Elfi)",swb Erzeugung AG & Co. KG,Bremen,Bremen,hard_coal,Steam turbine,303.0,1979.0,,53.124861,8.728657
Farge,Bremen-Farge,ENGIE Deutschland AG,Bremen,Bremen,hard_coal,Steam turbine,350.0,1969.0,,53.20206653,8.516153926
Datteln,,Uniper Kraftwerke GmbH ,Nordrhein-Westfalen,Datteln,hard_coal,Steam turbine,95.0,1964.0,2013.0,51.62952,7.331174000000001
Datteln,,Uniper Kraftwerke GmbH ,Nordrhein-Westfalen,Datteln,hard_coal,Steam turbine,95.0,1964.0,2013.0,51.62952,7.331174000000001
Datteln,,Uniper Kraftwerke GmbH ,Nordrhein-Westfalen,Datteln,hard_coal,Steam turbine,113.0,1969.0,2013.0,51.62952,7.331174000000001
Knepper,,Uniper Kraftwerke GmbH ,Nordrhein-Westfalen,Dortmund,hard_coal,Steam turbine,345.0,1971.0,2014.0,51.56846926,7.349182511
HKW I,,Stadtwerke Duisburg AG,Nordrhein-Westfalen,Duisburg,hard_coal,Steam turbine,95.0,1985.0,2018.0,51.429324,6.751983999999999
HKW II/B,,Stadtwerke Duisburg AG,Nordrhein-Westfalen,Duisburg,hard_coal,Steam turbine,133.0,1965.0,2012.0,51.429324,6.751983999999999
KW Walsum,,Steag GmbH,Nordrhein-Westfalen,Duisburg,hard_coal,Steam turbine,129.0,1959.0,2014.0,51.528611,6.711944
KW Walsum,Duisburg-Walsum 9,Steag GmbH,Nordrhein-Westfalen,Duisburg,hard_coal,Steam turbine,370.0,1988.0,,51.526720000000005,6.71868
Kraftwerk Ensdorf,,"VSE AG, Kraftwerk Ensdorf",Saarland,Ensdorf,hard_coal,Steam turbine,106.0,1963.0,2018.0,49.293248,6.770936999999999
HKW Erlangen,,Erlanger Stadtwerke AG,Bayern,Erlangen,hard_coal,Steam turbine,17.4,1982.0,,49.59283,11.00148
Heizkraftwerk FL,Flensburg K09 bis K12,Stadtwerke Flensburg GmbH,Schleswig-Holstein,Flensburg,hard_coal,Combined cycle,33.0,1989.0,,54.80495,9.43244
Heizkraftwerk FL,Flensburg K09 bis K12,Stadtwerke Flensburg GmbH,Schleswig-Holstein,Flensburg,hard_coal,Combined cycle,33.0,1985.0,,54.80495,9.43244
Heizkraftwerk FL,,Stadtwerke Flensburg GmbH,Schleswig-Holstein,Flensburg,hard_coal,Steam turbine,35.0,1982.0,2016.0,54.80495,9.43244
Heizkraftwerk FL,,Stadtwerke Flensburg GmbH,Schleswig-Holstein,Flensburg,hard_coal,Steam turbine,23.0,1978.0,2016.0,54.80495,9.43244
HKW West,Frankfurt-West 2 u. 3,Mainova AG,Hessen,Frankfurt am Main,hard_coal,Steam turbine,61.5,1988.0,,50.09843,8.65313
HKW West,Frankfurt-West 2 u. 3,Mainova AG,Hessen,Frankfurt am Main,hard_coal,Steam turbine,61.5,1989.0,,50.09843,8.65313
Scholven,Gelsenkirchen-Scholven C,Uniper Kraftwerke GmbH ,Nordrhein-Westfalen,Gelsenkirchen,hard_coal,Steam turbine,345.0,1969.0,,51.60236802,7.009894096
Scholven,Gelsenkirchen-Scholven B,Uniper Kraftwerke GmbH ,Nordrhein-Westfalen,Gelsenkirchen,hard_coal,Steam turbine,345.0,1968.0,,51.60236802,7.009894096
Scholven,,Uniper Kraftwerke GmbH ,Nordrhein-Westfalen,Gelsenkirchen,hard_coal,Steam turbine,345.0,1970.0,2014.0,51.60236802,7.009894096
Scholven,,Uniper Kraftwerke GmbH ,Nordrhein-Westfalen,Gelsenkirchen,hard_coal,Steam turbine,345.0,1971.0,2014.0,51.60236802,7.009894096
Scholven,,Uniper Kraftwerke GmbH ,Nordrhein-Westfalen,Gelsenkirchen,hard_coal,Steam turbine,676.0,1979.0,2014.0,51.60236802,7.009894096
FWK Buer,,Uniper Kraftwerke GmbH ,Nordrhein-Westfalen,Gelsenkirchen,hard_coal,Steam turbine,70.0,1985.0,,51.59696,7.004519999999999
Staudinger,,Uniper Kraftwerke GmbH ,Hessen,Großkrotzenburg,hard_coal,Steam turbine,249.0,1965.0,2013.0,50.088553000000005,8.953399000000001
Staudinger,,Uniper Kraftwerke GmbH ,Hessen,Großkrotzenburg,hard_coal,Steam turbine,293.0,1970.0,2012.0,50.088553000000005,8.953399000000001
Wedel,Wedel 2,Wärme Hamburg GmbH,Schleswig-Holstein,Wedel,hard_coal,Steam turbine,123.0,1962.0,,53.56695702,9.724445343
Wedel,Wedel 1,Wärme Hamburg GmbH,Schleswig-Holstein,Wedel,hard_coal,Steam turbine,137.0,1961.0,,53.56695702,9.724445343
Westfalen,,RWE Generation SE,Nordrhein-Westfalen,Hamm-Uentrop,hard_coal,Steam turbine,284.0,1969.0,2016.0,51.680278,7.969722
Westfalen,,RWE Generation SE,Nordrhein-Westfalen,Hamm-Uentrop,hard_coal,Steam turbine,152.0,1963.0,2011.0,51.67782,7.9742
Westfalen,,RWE Generation SE,Nordrhein-Westfalen,Hamm-Uentrop,hard_coal,Steam turbine,152.0,1963.0,2011.0,51.67782,7.9742
GKH,Hannover-Stöcken,enercity AG,Niedersachsen,Hannover,hard_coal,Steam turbine,136.0,1989.0,,52.42,9.648611
GKH,Hannover-Stöcken,enercity AG,Niedersachsen,Hannover,hard_coal,Steam turbine,136.0,1989.0,,52.42,9.648611
Heizkraftwerk Heilbronn,Heilbronn 5,EnBW Energie Baden-Württemberg AG,Baden-Württemberg,Heilbronn,hard_coal,Steam turbine,125.0,1965.0,,49.177334,9.206318
Heizkraftwerk Heilbronn,Heilbronn 6,EnBW Energie Baden-Württemberg AG,Baden-Württemberg,Heilbronn,hard_coal,Steam turbine,125.0,1966.0,,49.177334,9.206318
Heizkraftwerk Heilbronn,Heilbronn 7,EnBW Energie Baden-Württemberg AG,Baden-Württemberg,Heilbronn,hard_coal,Steam turbine,778.0,1985.0,,49.177334,9.206318
KW Herne,,Steag GmbH,Nordrhein-Westfalen,Herne,hard_coal,Steam turbine,133.0,1963.0,2014.0,51.550753,7.187481
Shamrock,,Uniper Kraftwerke GmbH ,Nordrhein-Westfalen,Herne,hard_coal,Steam turbine,132.0,1957.0,2013.0,51.52849121,7.17779686
KW Herne,,Steag GmbH,Nordrhein-Westfalen,Herne,hard_coal,Steam turbine,280.0,1966.0,2017.0,51.550753,7.187481
KW Herne,Herne 4,Steag GmbH,Nordrhein-Westfalen,Herne,hard_coal,Steam turbine,449.0,1989.0,,51.550753,7.187481
KWM,Mehrum 3 (C),Kraftwerk Mehrum GmbH,Niedersachsen,Hohenhameln OT Mehrum,hard_coal,Steam turbine,690.0,1979.0,,52.3150224,10.09141738
Ibbenbüren,Ibbenbüren,RWE Generation SE,Nordrhein-Westfalen,Ibbenbüren,hard_coal,Steam turbine,794.0,1985.0,,52.28881179,7.747906179
Heizkraftwerk,,Infraserv GmbH & Co. Höchst KG,Hessen,Industriepark Höchst,hard_coal,Steam turbine,66.0,1989.0,,50.09178,8.53105
Rheinhafen-Dampfkraftwerk,Karlsruhe-RDK 7,EnBW Energie Baden-Württemberg AG,Baden-Württemberg,Karlsruhe,hard_coal,Steam turbine,517.0,1985.0,,49.0125,8.302778
Gemeinschaftskraftwerk Kiel,,Gemeinschaftskraftwerk Kiel GmbH,Schleswig-Holstein,Kiel,hard_coal,Steam turbine,323.0,1970.0,2019.0,54.33945,10.1766
Kraftwerk L 57,,Currenta GmbH & Co. OHG,Nordrhein-Westfalen,Krefeld-Uerdingen,hard_coal,Steam turbine,26.0,1957.0,,51.369811,6.6615
Kraftwerk N 230,Krefeld-Uerdingen N 230,Currenta GmbH & Co. OHG,Nordrhein-Westfalen,Krefeld-Uerdingen,hard_coal,Steam turbine,110.0,1971.0,,51.369811,6.6615
G-Kraftwerk,Leverkusen G15/G22/X50,Currenta GmbH & Co. OHG,Nordrhein-Westfalen,Leverkusen,hard_coal,Steam turbine,103.0,1962.0,,51.368872,6.654106
KW Lünen,,Steag GmbH,Nordrhein-Westfalen,Lünen,hard_coal,Steam turbine,149.0,1962.0,2018.0,51.61403992,7.481253973999999
KW Lünen,,Steag GmbH,Nordrhein-Westfalen,Lünen,hard_coal,Steam turbine,324.0,1970.0,2018.0,51.61403992,7.481253973999999
GKM ,,Grosskraftwerk Mannheim AG,Baden-Württemberg,Mannheim,hard_coal,Steam turbine,202.5,1966.0,2015.0,49.445694,8.490444
GKM ,,Grosskraftwerk Mannheim AG,Baden-Württemberg,Mannheim,hard_coal,Steam turbine,202.5,1970.0,2015.0,49.445694,8.490444
GKM ,Mannheim 7,Grosskraftwerk Mannheim AG,Baden-Württemberg,Mannheim,hard_coal,Steam turbine,425.0,1982.0,,49.445694,8.490444
Kraftwerk I  ,Marl I+II,Evonik Degussa GmbH,Nordrhein-Westfalen,Marl,hard_coal,Combined cycle,55.56,1971.0,,51.68037,7.0968800000000005
Kraftwerk II,,Evonik Degussa GmbH,Nordrhein-Westfalen,Marl,hard_coal,Steam turbine,60.4,1966.0,2017.0,51.68037,7.0968800000000005
Kraftwerk I ,Marl I+II,Evonik Degussa GmbH,Nordrhein-Westfalen,Marl,hard_coal,Combined cycle,68.4,1983.0,,51.68037,7.0968800000000005
Kraftwerk I,Marl I+II,Evonik Degussa GmbH,Nordrhein-Westfalen,Marl,hard_coal,Combined cycle,169.32,1940.0,,51.68037,7.0968800000000005
Heizkraftwerk Offenbach,,Energieversorgung Offenbach AG,Hessen,Offenbach,hard_coal,Steam turbine,54.0,1990.0,,50.065155,8.768964
Heyden,Heyden,Uniper Kraftwerke GmbH ,Nordrhein-Westfalen,Petershagen,hard_coal,Steam turbine,875.0,1987.0,,52.38279238,8.996004114
Heizkraftwerk Pforzheim GmbH,,Heizkraftwerk Pforzheim GmbH,Baden-Württemberg,Pforzheim,hard_coal,Steam turbine,26.9,1990.0,,48.88316,8.6653
Kraftwerk Veltheim,,Gemeinschaftskraftwerk Veltheim GmbH,Nordrhein-Westfalen,Porta Westfalica,hard_coal,Steam turbine,93.0,1965.0,2012.0,52.19004,8.93318
Kraftwerk Veltheim,,Uniper Kraftwerke GmbH ,Nordrhein-Westfalen,Porta Westfalica,hard_coal,Steam turbine,303.0,1970.0,2015.0,52.19004,8.93318
Weiher,Quierschied-Weiher,Steag GmbH,Saarland,Quierschied,hard_coal,Steam turbine,655.6,1976.0,,49.33413028,7.031355927999999
HKW Römerbrücke,Saarbrücken-Römerbrücke,Energie SaarLorLux AG,Saarland,Saarbrücken,hard_coal,Steam turbine,50.0,1988.0,,49.223899,7.014899000000001
Heizkraftwerk der Sappi Stockstadt GmbH,,Sappi Stockstadt GmbH,Bayern,Stockstadt,hard_coal,Steam turbine,24.79,1970.0,,49.97745,9.06872
Restmüll-Heizkraftwerk Stuttgart-Münster,Stuttgart-Münster,EnBW Energie Baden-Württemberg AG,Baden-Württemberg,Stuttgart,hard_coal,Steam turbine,45.0,1982.0,,48.815833000000005,9.221111
Restmüll-Heizkraftwerk Stuttgart-Münster,Stuttgart-Münster,EnBW Energie Baden-Württemberg AG,Baden-Württemberg,Stuttgart,hard_coal,Steam turbine,45.0,1984.0,,48.815833000000005,9.221111
KW West,,Steag GmbH,Nordrhein-Westfalen,Voerde,hard_coal,Steam turbine,318.0,1971.0,2017.0,51.57962,6.67888
KW West,,Steag GmbH,Nordrhein-Westfalen,Voerde,hard_coal,Steam turbine,322.0,1971.0,2017.0,51.57962,6.67888
KW Voerde,,RWE Generation SE,Nordrhein-Westfalen,Voerde,hard_coal,Steam turbine,695.0,1982.0,2017.0,51.576475,6.689428
KW Voerde,,RWE Generation SE,Nordrhein-Westfalen,Voerde,hard_coal,Steam turbine,695.0,1985.0,2017.0,51.576475,6.689428
Modellkraftwerk,Völklingen-Fenne MKV,Steag GmbH,Saarland,Völklingen-Fenne,hard_coal,Steam turbine,179.0,1982.0,,49.249018,6.879244
Heizkraftwerk,Völklingen-Fenne HKV,Steag GmbH,Saarland,Völklingen-Fenne,hard_coal,Steam turbine,211.0,1989.0,,49.249018,6.879244
Kraftwerk Walheim,Walheim 1,EnBW Energie Baden-Württemberg AG,Baden-Württemberg,Walheim,hard_coal,Steam turbine,96.0,1964.0,,49.017472,9.157389
Kraftwerk Walheim,Walheim 2,EnBW Energie Baden-Württemberg AG,Baden-Württemberg,Walheim,hard_coal,Steam turbine,148.0,1967.0,,49.017472,9.157389
Kraftwerk Werdohl-Elverlingsen,,Mark-E AG,Nordrhein-Westfalen,Werdohl,hard_coal,Steam turbine,186.0,1971.0,2014.0,51.27559,7.70637
Kraftwerk Werdohl-Elverlingsen,,Mark-E AG,Nordrhein-Westfalen,Werdohl,hard_coal,Steam turbine,310.0,1982.0,2018.0,51.276361,7.705667
Gersteinwerk,,RWE Generation SE,Nordrhein-Westfalen,Werne,hard_coal,Steam turbine,614.0,1984.0,2019.0,51.672453,7.709947
Wilhelmshaven,,Uniper Kraftwerke GmbH ,Niedersachsen,Wilhelmshaven,hard_coal,Steam turbine,757.0,1976.0,,53.565819,8.146245
HKW West,,Volkswagen AG,Niedersachsen,Wolfsburg,hard_coal,Steam turbine,138.5,1985.0,,51.25292,9.43796
HKW West,,Volkswagen AG,Niedersachsen,Wolfsburg,hard_coal,Steam turbine,138.5,1985.0,,52.44223,10.76454
Zolling,Zolling-Leininger 5,ENGIE Deutschland AG,Bayern,Zolling,hard_coal,Steam turbine,472.0,1985.0,,48.455353,11.799456
Reno De Medici,,R.D.M. Arnsberg GmbH,Nordrhein-Westfalen,Arnsberg,hard_coal,Steam turbine,19.0,1923.0,,51.39139,8.073039999999999
Werk Uelzen,,Nordzucker AG,Niedersachsen,Uelzen,hard_coal,Steam turbine,40.0,1965.0,,52.9751813,10.5573974
RADAG,Albbruck-Dogern,Rheinkraftwerk Albbruck-Dogern AG,Baden-Württemberg,Albbruck,hydro,Run-of-river,79.5,1934.0,,47.586290000000005,8.13207
Werkskraftwerk Sappi Alfeld,,Sappi Alfeld GmbH,Niedersachsen,Alfeld,hydro,Run-of-river,0.1,1912.0,,51.98513,9.82246
Egglfing,,Innwerk AG,Bayern,Bad Füssing,hydro,Run-of-river,84.0,1944.0,,48.3206154,13.3160755
Rheinkraftwerk Säckingen,,EnBW Energie Baden-Württemberg AG,Baden-Württemberg,Bad Säckingen,hydro,Run-of-river,36.8,1966.0,,47.5585312,7.955657899999999
Säckingen,Säckingen 1 bis 4,Schluchseewerk Aktiengesellschaft,Baden-Württemberg,Bad Säckingen,hydro,Pumped storage,360.0,1966.0,,47.565416,7.954035
Bergheim,,Donau-Wasserkraft AG,Bayern,Bergheim,hydro,Run-of-river,23.7,1970.0,,48.750807,11.273237
Alzwerke,,Alzwerke GmbH,Bayern,Burghausen,hydro,Run-of-river,45.0,1922.0,,48.1769,12.84045
Waldeck1/Bringhausen,Waldeck I / Eder,Uniper Kraftwerke GmbH ,Hessen,Edertal Hemfurth-Edersee,hydro,Pumped storage,145.0,1931.0,,51.167139,9.046832
Waldeck 2,Waldeck II / Eder,Uniper Kraftwerke GmbH ,Hessen,Edertal Hemfurth-Edersee,hydro,Pumped storage,480.0,1974.0,,51.167139,9.046832
Hemfurth,,Uniper Kraftwerke GmbH ,Hessen,Edertal Hemfurth-Edersee,hydro,RES,20.0,1915.0,,51.167139,9.046832
Ering,,Innwerk AG,Bayern,Ering,hydro,Run-of-river,72.5,1942.0,,48.2935129,13.1585196
Pumpspeicherwerk Rönkhausen,Rönkhausen 1 u. 2 / Glingetal,Mark-E AG,Nordrhein-Westfalen,Finnentrop,hydro,Pumped storage,138.0,1969.0,,51.22475,7.99281
Rudolf-Fettweis-Werk     ,,EnBW Energie Baden-Württemberg AG,Baden-Württemberg,Forbach,hydro,Run-of-river,22.0,1918.0,,48.6731884,8.355705841
Rudolf-Fettweis-Werk     ,,EnBW Energie Baden-Württemberg AG,Baden-Württemberg,Forbach,hydro,Pumped storage,43.0,1926.0,,48.6693835,8.353047617
Gars,,VERBUND-Innkraftwerke GmbH,Bayern,Gars,hydro,Run-of-river,25.0,1938.0,,48.15395,12.31107
Geesthacht,Geesthacht A-C / Elbe,Vattenfall Wasserkraft GmbH,Schleswig-Holstein,Geesthacht,hydro,Pumped storage,119.1,1958.0,,53.42605,10.3359
Geesthacht,Geesthacht A-C / Elbe,Vattenfall Wasserkraft GmbH,Schleswig-Holstein,Geesthacht,hydro,Pumped storage,,1958.0,,53.42605,10.3359
Geesthacht,Geesthacht A-C / Elbe,Vattenfall Wasserkraft GmbH,Schleswig-Holstein,Geesthacht,hydro,Pumped storage,,1958.0,,53.42605,10.3359
PSW Langenprozelten,Langenprozelten / Main,Donau-Wasserkraft AG,Bayern,Gemünden,hydro,Pumped storage,164.0,1974.0,,50.05313,9.58137
KW Wyhlen,,Energiedienst AG,Baden-Württemberg,Grenzach-Wyhlen,hydro,Run-of-river,37.9,1912.0,,47.5523554,7.6580881
Jochenstein,Jochenstein / Donau,Innwerk AG,Bayern,Griesbach,hydro,Run-of-river,66.0,1955.0,,48.5195636,13.7085052
Happurg,Happurg 1 bis 4 / Pegnitz,Uniper Kraftwerke GmbH ,Bayern,Happurg,hydro,Pumped storage,160.0,1958.0,,49.48712,11.47479
Häusern,Häusern 1 bis 4,Schluchseewerk Aktiengesellschaft,Baden-Württemberg,Häusern,hydro,Pumped storage,100.0,1931.0,,47.75459,8.18787
Koepchenwerk,Koepchenwerk / Ruhr,RWE Power AG,Nordrhein-Westfalen,Herdecke,hydro,Pumped storage,165.0,1989.0,,51.41048,7.453139999999999
Hohenwarte 1,,Vattenfall Wasserkraft GmbH,Thüringen,Hohenwarte,hydro,Pumped storage,59.8,1959.0,,50.61433423,11.49212837
Hohenwarte 1,,Vattenfall Wasserkraft GmbH,Thüringen,Hohenwarte,hydro,Pumped storage,,1959.0,,50.61433423,11.49212837
Hohenwarte 2,Hohenwarte II  A bis H,Vattenfall Wasserkraft GmbH,Thüringen,Hohenwarte,hydro,Pumped storage,317.8,1965.0,,50.60384898,11.47517681
Hohenwarte 2,Hohenwarte II  A bis H,Vattenfall Wasserkraft GmbH,Thüringen,Hohenwarte,hydro,Pumped storage,,1965.0,,50.60384898,11.47517681
Hohenwarte 2,Hohenwarte II  A bis H,Vattenfall Wasserkraft GmbH,Thüringen,Hohenwarte,hydro,Pumped storage,,1965.0,,50.60384898,11.47517681
Hohenwarte 2,Hohenwarte II  A bis H,Vattenfall Wasserkraft GmbH,Thüringen,Hohenwarte,hydro,Pumped storage,,1966.0,,50.60384898,11.47517681
Hohenwarte 2,Hohenwarte II  A bis H,Vattenfall Wasserkraft GmbH,Thüringen,Hohenwarte,hydro,Pumped storage,,1965.0,,50.60384898,11.47517681
Hohenwarte 2,Hohenwarte II  A bis H,Vattenfall Wasserkraft GmbH,Thüringen,Hohenwarte,hydro,Pumped storage,,1966.0,,50.60384898,11.47517681
Hohenwarte 2,Hohenwarte II  A bis H,Vattenfall Wasserkraft GmbH,Thüringen,Hohenwarte,hydro,Pumped storage,,1966.0,,50.60384898,11.47517681
Hohenwarte 2,Hohenwarte II  A bis H,Vattenfall Wasserkraft GmbH,Thüringen,Hohenwarte,hydro,Pumped storage,,1966.0,,50.60384898,11.47517681
Rheinkraftwerk Iffezheim,Iffezheim 1-5 / Rhein,Rheinkraftwerk Iffezheim GmbH,Baden-Württemberg,Iffezheim,hydro,Run-of-river,148.0,1978.0,,48.83135,8.112160000000001
Braunau-Simbach,Braunau-Simbach / Inn,Innwerk AG,Bayern,Kirchdorf,hydro,Run-of-river,100.0,1953.0,,48.063827,10.128443
Walchensee,Walchensee / Isar,Uniper Kraftwerke GmbH ,Bayern,Kochel am See,hydro,Reservoir,124.0,1924.0,,47.631354,11.337054
Erzhausen,Erzhausen 1-4 / Leine,Statkraft Markets GmbH,Niedersachsen,Kreiensen,hydro,Pumped storage,220.0,1964.0,,51.89912,9.92452
Markersbach,Markersbach A,Vattenfall Wasserkraft GmbH,Sachsen,Markersbach,hydro,Pumped storage,1045.2,1979.0,,50.51938,12.87976
Markersbach,Markersbach B,Vattenfall Wasserkraft GmbH,Sachsen,Markersbach,hydro,Pumped storage,175.0,1980.0,,50.51938,12.87976
Markersbach,Markersbach C,Vattenfall Wasserkraft GmbH,Sachsen,Markersbach,hydro,Pumped storage,175.0,1980.0,,50.51938,12.87976
Markersbach,Markersbach D,Vattenfall Wasserkraft GmbH,Sachsen,Markersbach,hydro,Pumped storage,175.0,1981.0,,50.51938,12.87976
Markersbach,Markersbach E,Vattenfall Wasserkraft GmbH,Sachsen,Markersbach,hydro,Pumped storage,175.0,1981.0,,50.51938,12.87976
Markersbach,Markersbach F,Vattenfall Wasserkraft GmbH,Sachsen,Markersbach,hydro,Pumped storage,175.0,1980.0,,50.51938,12.87976
Pumpspeicherkraftwerk Glems,,EnBW Energie Baden-Württemberg AG,Baden-Württemberg,Metzingen-Glems,hydro,Pumped storage,90.0,1964.0,,48.50499,9.28692
Bittenbrunn,,Donau-Wasserkraft AG,Bayern,Neuburg an der Donau,hydro,Run-of-river,20.2,1969.0,,48.734459,11.14382
Neuötting,,VERBUND-Innkraftwerke GmbH,Bayern,Neuötting,hydro,Run-of-river,26.1,1951.0,,48.24856,12.6882725
Lehmen,,innogy SE,Rheinland-Pfalz,Lehmen,hydro,Run-of-river,20.0,1962.0,,50.274724,7.458957000000001
Niederwartha,,Vattenfall Wasserkraft GmbH,Sachsen,Niederwartha,hydro,Pumped storage,39.8,1958.0,,51.09153428,13.60982895
Niederwartha,,Vattenfall Wasserkraft GmbH,Sachsen,Niederwartha,hydro,Pumped storage,,1958.0,,51.09153428,13.60982895
Nußdorf,,Innwerk AG,Bayern,Nußdorf,hydro,Run-of-river,48.0,1982.0,,47.74473,12.13573
Kachlet,,Rhein-Main-Donau GmbH,Bayern,Passau,hydro,Run-of-river,53.7,1927.0,,48.579711200000006,13.408273800000002
Passau-Ingling,,Innwerk AG,Bayern,Passau,hydro,Run-of-river,86.4,1965.0,,48.5533054,13.433659099999998
Perach,,VERBUND-Innkraftwerke GmbH,Bayern,Perach,hydro,Run-of-river,19.4,1977.0,,48.0261021,12.789632
Geisling,,Rhein-Main-Donau GmbH,Bayern,Pfatter,hydro,Run-of-river,25.0,1985.0,,48.974806,12.344002
Rheinkraftwerk Reckingen,,EnBW Energie Baden-Württemberg AG,Baden-Württemberg,Küssaberg,hydro,Run-of-river,19.0,1942.0,,47.57136,8.33826
Rosenheim,,VERBUND-Innkraftwerke GmbH,Bayern,Rohrdorf,hydro,Run-of-river,35.1,1960.0,,47.83825,12.15333
Roßhaupten,,Uniper Kraftwerke GmbH ,Bayern,Roßhaupten,hydro,RES,45.5,1954.0,,47.651451,10.735525
Feldkirchen,,VERBUND-Innkraftwerke GmbH,Bayern,Rott,hydro,Run-of-river,38.2,1970.0,,47.96092,12.1561
Rheinkraftwerk Ryburg-Schwörstadt ,Schwörstadt-Ryburg 1 bis 4 / Rhein,EnBW Energie Baden-Württemberg AG,Baden-Württemberg,Rheinfelden,hydro,Run-of-river,30.0,1930.0,,47.585377,7.832657000000001
Detzem,,innogy SE,Rheinland-Pfalz,Schleich,hydro,Run-of-river,24.0,1962.0,,49.810941,6.843882000000001
Bleiloch,,Vattenfall Wasserkraft GmbH,Thüringen,Schleiz,hydro,Pumped storage,79.8,1932.0,,50.52438482,11.71438694
Bleiloch,,Vattenfall Wasserkraft GmbH,Thüringen,Schleiz,hydro,Pumped storage,,1932.0,,50.52438482,11.71438694
Teufelsbruck,,VERBUND-Innkraftwerke GmbH,Bayern,Soyen,hydro,Run-of-river,25.0,1938.0,,48.05736,12.22093
Stammham,,VERBUND-Innkraftwerke GmbH,Bayern,Stammham,hydro,Run-of-river,23.2,1955.0,,48.24932,12.86469
Kraftwerksgruppe Pfreimd,,ENGIE Deutschland AG,Bayern,Trausnitz,hydro,Pumped storage,28.0,1958.0,,49.55226,12.28127
Kraftwerksgruppe Pfreimd,,ENGIE Deutschland AG,Bayern,Trausnitz,hydro,Run-of-river,3.3,1955.0,,49.55226,12.28127
Kraftwerksgruppe Pfreimd,,ENGIE Deutschland AG,Bayern,Trausnitz,hydro,Run-of-river,1.8,1952.0,,49.55226,12.28127
Töging,,VERBUND-Innkraftwerke GmbH,Bayern,Töging,hydro,Run-of-river,85.3,1924.0,,48.2518176,12.5873078
Kraftwerksgruppe Pfreimd,Reisach 1 bis 3,ENGIE Deutschland AG,Bayern,Trausnitz,hydro,Pumped storage,99.0,1955.0,,49.53002,12.28481
Leitzach 1,,Stadtwerke München GmbH,Bayern,Vagen,hydro,Pumped storage,48.0,1983.0,,47.873938,11.87099
Leitzach 2,,Stadtwerke München GmbH,Bayern,Vagen,hydro,Pumped storage,44.0,1960.0,,47.873938,11.87099
Kraftwerk Waldshut,Waldshut 1 bis 4,Schluchseewerk Aktiengesellschaft,Baden-Württemberg,Waldshut-Tiengen,hydro,Pumped storage,150.0,1951.0,,47.61777,8.1926
Uppenborn 1,,Stadtwerke München GmbH,Bayern,Wang,hydro,Run-of-river,25.0,1930.0,,48.473474,11.95481
Wasserburg,,VERBUND-Innkraftwerke GmbH,Bayern,Wasserburg,hydro,Run-of-river,24.1,1938.0,,48.05699,12.22074
Wehr,"Wehr 1, Wehr 2, Wehr 3, Wehr 4",Schluchseewerk Aktiengesellschaft,Baden-Württemberg,Wehr,hydro,Pumped storage,910.0,1975.0,,47.64529898,7.91819945
Wendefurth,,Vattenfall Wasserkraft GmbH,Sachsen-Anhalt,Wendefurth,hydro,Pumped storage,79.7,1967.0,,51.74223,10.91879
Wendefurth,,Vattenfall Wasserkraft GmbH,Sachsen-Anhalt,Wendefurth,hydro,Pumped storage,,1968.0,,51.74223,10.91879
Wintrich,,innogy SE,Rheinland-Pfalz,Wintrich,hydro,Run-of-river,20.0,1965.0,,49.879784,6.948761999999999
Witznau,Witznau 1 bis 4,Schluchseewerk Aktiengesellschaft,Baden-Württemberg,Witznau,hydro,Pumped storage,220.0,1943.0,,47.68791,8.25159
Bigge,,Bigge Energie GmbH & Co. KG,Nordrhein-Westfalen,Attendorn,hydro,RES,15.0,1965.0,,51.093173,7.862719999999999
Dessau,,Uniper Kraftwerke GmbH ,Bayern,Burggen,hydro,Run-of-river,10.3,1967.0,,47.739292,10.825702
Dettingen,,Kernkraftwerk Obrigheim GmbH,Baden-Württemberg,Dettingen,hydro,Run-of-river,11.0,1927.0,,48.527536,9.3488325
Dingolfing,,Uniper Kraftwerke GmbH ,Bayern,Dingolfing,hydro,Run-of-river,15.0,1957.0,,48.63404,12.48369
Eitting,,Uniper Kraftwerke GmbH ,Bayern,Eitting,hydro,Run-of-river,26.0,1925.0,,48.358590500000005,11.8821921
Fankel,,innogy SE,Rheinland-Pfalz,Ellenz-Poltersdorf,hydro,Run-of-river,16.4,1963.0,,50.123918,7.225915
Ellgau,,Bayerische Elektrizitätswerke GmbH,Bayern,Ellgau,hydro,Run-of-river,9.7,1952.0,,48.596746,10.8789
Enkirch,,innogy SE,Rheinland-Pfalz,Enkirch,hydro,Run-of-river,18.4,1966.0,,49.97667,7.127777
Altheim,,Uniper Kraftwerke GmbH ,Bayern,Essenbach,hydro,Run-of-river,17.8,1951.0,,51.536513,14.382898
Serrig,,innogy SE,Rheinland-Pfalz,Freudenburg,hydro,Run-of-river,12.1,1985.0,,49.566954,6.592347999999999
Schwammenauel,,innogy SE,Nordrhein-Westfalen,Heimbach,hydro,Run-of-river,14.0,1938.0,,50.628507,6.479111
Heimbach,,innogy SE,Nordrhein-Westfalen,Heimbach,hydro,Run-of-river,16.0,1905.0,,50.628568,6.451776000000001
Höchstädt,,Bayerische Elektrizitätswerke GmbH,Bayern,Höchstädt,hydro,Run-of-river,10.0,1982.0,,48.603156,10.582724
Ingolstadt,,Donau-Wasserkraft AG,Bayern,Ingolstadt,hydro,Run-of-river,19.8,1971.0,,48.750317,11.412153
Kaufering,,Uniper Kraftwerke GmbH ,Bayern,Kaufering,hydro,Run-of-river,16.7,1975.0,,48.084026,10.864936
Unteropfingen,,EnBW Energie Baden-Württemberg AG,Baden-Württemberg,Kirchdorf,hydro,Run-of-river,14.5,1924.0,,48.0612649,10.1284379
Koblenz,,innogy SE,Rheinland-Pfalz,Koblenz,hydro,Run-of-river,16.0,1951.0,,50.365855,7.58171
Faimingen,,Obere Donau Kraftwerke AG,Bayern,Lauingen,hydro,Run-of-river,10.1,1965.0,,48.558394,10.411764
Urspring,,Uniper Kraftwerke GmbH ,Bayern,Lechbruck,hydro,Run-of-river,10.1,1966.0,,47.71598,10.825785
Prem,,Uniper Kraftwerke GmbH ,Bayern,Lechbruck,hydro,Run-of-river,19.2,1971.0,,47.692726,10.797592
Meitingen,,Bayerische Elektrizitätswerke GmbH,Bayern,Meitingen,hydro,Run-of-river,11.3,1922.0,,48.546994,10.86507
Merching,,Uniper Kraftwerke GmbH ,Bayern,Merching,hydro,Run-of-river,12.0,1978.0,,48.2704497,10.9773463
Pfrombach,,Uniper Kraftwerke GmbH ,Bayern,Moosburg-Pfrombach,hydro,Run-of-river,22.3,1929.0,,48.441320000000005,11.99233
Müden,,innogy SE,Rheinland-Pfalz,Müden,hydro,Run-of-river,16.4,1965.0,,52.521937,10.360381
Neef,,innogy SE,Rheinland-Pfalz,Neef,hydro,Run-of-river,16.4,1966.0,,50.087362,7.135809
Niederaichbach,,Uniper Kraftwerke GmbH ,Bayern,Niederaichbach,hydro,Run-of-river,16.2,1951.0,,48.6039132,12.3023425
Gummering,,Uniper Kraftwerke GmbH ,Bayern,Niederviehbach,hydro,Run-of-river,14.8,1957.0,,48.622456,12.398037
Aufkirchen,,Uniper Kraftwerke GmbH ,Bayern,Oberding,hydro,Run-of-river,27.0,1924.0,,48.3066864,11.858847
Oberpeiching,,Bayerische Elektrizitätswerke GmbH,Bayern,Oberndorf,hydro,Run-of-river,11.9,1954.0,,48.646423,10.879086
Landau,,Uniper Kraftwerke GmbH ,Bayern,Pilsting-Harburg,hydro,Run-of-river,12.6,1984.0,,48.667862,12.660027
Prittriching,,Uniper Kraftwerke GmbH ,Bayern,Prittriching,hydro,Run-of-river,12.1,1984.0,,48.21062,10.904933
Rain,,Bayerische Elektrizitätswerke GmbH,Bayern,Rain,hydro,Run-of-river,10.9,1956.0,,48.692383,10.897786
Bertoldsheim,,Donau-Wasserkraft AG,Bayern,Rennertshofen,hydro,Run-of-river,18.9,1968.0,,48.735932,11.020923
Schwabstadl,,Uniper Kraftwerke GmbH ,Bayern,Scheuring,hydro,Run-of-river,12.0,1981.0,,48.148375,10.867023
Scheuring,,Uniper Kraftwerke GmbH ,Bayern,Scheuring,hydro,Run-of-river,12.2,1980.0,,48.180229,10.8833102
Unterbergen,,Uniper Kraftwerke GmbH ,Bayern,Schmiechen-Unterbergen,hydro,Run-of-river,12.3,1983.0,,48.237449,10.92718
UPM Schongau,,UPM GmbH,Bayern,Schongau,hydro,Run-of-river,10.5,1959.0,,47.803187,10.904254
Dornau,,Uniper Kraftwerke GmbH ,Bayern,Schongau,hydro,Run-of-river,16.6,1960.0,,47.8001993,10.9026434
Mühltal,,Uniper Kraftwerke GmbH ,Bayern,Straßlach,hydro,Run-of-river,11.2,1924.0,,47.99629724,11.48542787
Tannheim,,EnBW Energie Baden-Württemberg AG,Baden-Württemberg,Tannheim,hydro,Run-of-river,12.3,1920.0,,48.00795,10.118537
Uppenborn 2,,Stadtwerke München GmbH,Bayern,Tiefenbach,hydro,Run-of-river,18.0,1951.0,,48.515233,12.101041
Trier,,innogy SE,Rheinland-Pfalz,Trier,hydro,Run-of-river,18.8,1962.0,,49.728029,6.624451
Obernach,,Uniper Kraftwerke GmbH ,Bayern,Walchensee,hydro,Run-of-river,12.8,1955.0,,47.554694,11.291366
Ettling,,Uniper Kraftwerke GmbH ,Bayern,Wallersorf/Ettling,hydro,Run-of-river,12.6,1988.0,,48.6960722,12.7977619
Zeltingen,,innogy SE,Rheinland-Pfalz,Zeltingen,hydro,Run-of-river,13.6,1964.0,,49.951074,7.023166000000001
Kraftwerk 3,,Alzkraftwerke Heider GmbH,Bayern,Unterneukirchen,hydro,Run-of-river,18.95,1920.0,,48.15393,12.65242
Boxberg,Boxberg N,Lausitz Energie Kraftwerke AG,Sachsen,Boxberg,lignite,Steam turbine,465.0,1979.0,,51.41626317,14.56194878
Boxberg,Boxberg P,Lausitz Energie Kraftwerke AG,Sachsen,Boxberg,lignite,Steam turbine,465.0,1980.0,,51.41626317,14.56194878
HKW Chemnitz  Nord II,,eins - energie in sachsen GmbH & Co. KG,Sachsen,Chemnitz,lignite,Steam turbine,56.8,1988.0,,50.856981,12.923096
HKW Chemnitz  Nord II,,eins - energie in sachsen GmbH & Co. KG,Sachsen,Chemnitz,lignite,Steam turbine,90.8,1990.0,,50.856981,12.923096
Deuben,,Mitteldeutsche Braunkohlengesellschaft mbH,Sachsen-Anhalt,Teuchern,lignite,Steam turbine,67.0,1936.0,,51.11187,12.07617
Frechen/Wachtberg,Frechen / Wachtberg,RWE Power AG,Nordrhein-Westfalen,Frechen,lignite,Steam turbine,176.0,1959.0,,50.8976,6.793099000000001
Frimmersdorf,,RWE Power AG,Nordrhein-Westfalen,Frimmersdorf,lignite,Steam turbine,129.0,1957.0,2011.0,51.05744518,6.577080395
Frimmersdorf,,RWE Power AG,Nordrhein-Westfalen,Frimmersdorf,lignite,Steam turbine,130.0,1957.0,2011.0,51.05744518,6.577080395
Frimmersdorf,,RWE Power AG,Nordrhein-Westfalen,Frimmersdorf,lignite,Steam turbine,124.0,1960.0,2011.0,51.05744518,6.577080395
Frimmersdorf,,RWE Power AG,Nordrhein-Westfalen,Grevenbroich-Frimmersdorf,lignite,Steam turbine,130.0,1959.0,2012.0,51.05744518,6.577080395
Frimmersdorf,,RWE Power AG,Nordrhein-Westfalen,Grevenbroich-Frimmersdorf,lignite,Steam turbine,132.0,1960.0,2012.0,51.05744518,6.577080395
Frimmersdorf,,RWE Power AG,Nordrhein-Westfalen,Frimmersdorf,lignite,Steam turbine,128.0,1960.0,2012.0,51.05744518,6.577080395
Frimmersdorf,,RWE Power AG,Nordrhein-Westfalen,Frimmersdorf,lignite,Steam turbine,136.0,1962.0,2012.0,51.05744518,6.577080395
Frimmersdorf,,RWE Power AG,Nordrhein-Westfalen,Grevenbroich-Frimmersdorf,lignite,Steam turbine,135.0,1964.0,2012.0,51.05744518,6.577080395
Frimmersdorf,,RWE Power AG,Nordrhein-Westfalen,Grevenbroich-Frimmersdorf,lignite,Steam turbine,138.0,1962.0,2012.0,51.05744518,6.577080395
Frimmersdorf,,RWE Power AG,Nordrhein-Westfalen,Grevenbroich-Frimmersdorf,lignite,Steam turbine,131.0,1962.0,2012.0,51.05744518,6.577080395
Frimmersdorf,,RWE Power AG,Nordrhein-Westfalen,Grevenbroich-Frimmersdorf,lignite,Steam turbine,133.0,1964.0,2012.0,51.05744518,6.577080395
Frimmersdorf,Frimmersdorf P,RWE Power AG,Nordrhein-Westfalen,Grevenbroich-Frimmersdorf,lignite,Steam turbine,284.0,1966.0,,51.05744518,6.577080395
Frimmersdorf,Frimmersdorf Q,RWE Power AG,Nordrhein-Westfalen,Grevenbroich-Frimmersdorf,lignite,Steam turbine,278.0,1970.0,,51.05744518,6.577080395
Buschhaus,Buschhaus (Helmstedt),Helmstedter Revier GmbH,Niedersachsen,Helmstedt,lignite,Steam turbine,352.0,1985.0,,52.17237156,10.97682873
Ville/Berrenrath,Ville / Berrenrath (Hürth),RWE Power AG,Nordrhein-Westfalen,Hürth,lignite,Steam turbine,98.0,1917.0,,50.86138,6.840660000000001
FKK,,Städtische Werke Energie + Wärme GmbH,Hessen,Kassel,lignite,Steam turbine,33.5,1989.0,,51.279099,9.484012
Mumsdorf,,Mitteldeutsche Braunkohlengesellschaft mbH,Sachsen-Anhalt,Mumsdorf,lignite,Steam turbine,60.0,1968.0,2013.0,51.07114395,12.26081401
Neurath,Grevenbroich - Neurath  A,RWE Power AG,Nordrhein-Westfalen,Grevenbroich-Neurath,lignite,Steam turbine,294.0,1972.0,,51.039475,6.615041000000001
Neurath,Grevenbroich - Neurath  B,RWE Power AG,Nordrhein-Westfalen,Grevenbroich-Neurath,lignite,Steam turbine,294.0,1972.0,,51.039475,6.615041000000001
Neurath,,RWE Power AG,Nordrhein-Westfalen,Grevenbroich-Neurath,lignite,Steam turbine,292.0,1973.0,,51.039475,6.615041000000001
Neurath,Grevenbroich - Neurath  D,RWE Power AG,Nordrhein-Westfalen,Grevenbroich-Neurath,lignite,Steam turbine,607.0,1975.0,,51.039475,6.615041000000001
Neurath,Grevenbroich - Neurath  E,RWE Power AG,Nordrhein-Westfalen,Grevenbroich-Neurath,lignite,Steam turbine,604.0,1976.0,,51.039475,6.615041000000001
Niederaußem,Niederaußem D,RWE Power AG,Nordrhein-Westfalen,Bergheim,lignite,Steam turbine,297.0,1968.0,,50.995692,6.669039
Niederaußem,Niederaußem F,RWE Power AG,Nordrhein-Westfalen,Bergheim,lignite,Steam turbine,299.0,1971.0,,50.995692,6.669039
Niederaußem,Niederaußem H,RWE Power AG,Nordrhein-Westfalen,Bergheim,lignite,Steam turbine,648.0,1974.0,,50.995692,6.669039
Niederaußem,Niederaußem G,RWE Power AG,Nordrhein-Westfalen,Bergheim,lignite,Steam turbine,628.0,1974.0,,50.995692,6.669039
Niederaußem,,RWE Power AG,Nordrhein-Westfalen,Bergheim,lignite,Steam turbine,125.0,1963.0,2012.0,50.995692,6.669039
Niederaußem,,RWE Power AG,Nordrhein-Westfalen,Bergheim,lignite,Steam turbine,125.0,1963.0,2012.0,50.995692,6.669039
Niederaußem,Niederaußem C,RWE Power AG,Nordrhein-Westfalen,Bergheim,lignite,Steam turbine,295.0,1965.0,,50.995692,6.669039
Niederaußem,Niederaußem E,RWE Power AG,Nordrhein-Westfalen,Bergheim,lignite,Steam turbine,295.0,1970.0,,50.995692,6.669039
Fortuna Nord,,RWE Power AG,Nordrhein-Westfalen,Bergheim,lignite,Steam turbine,15.0,1939.0,,50.945598,6.663575999999999
KW Jänschwalde,Jänschwalde A,Lausitz Energie Kraftwerke AG,Brandenburg,Peitz,lignite,Steam turbine,465.0,1981.0,,51.83444099,14.45903778
KW Jänschwalde,Jänschwalde B,Lausitz Energie Kraftwerke AG,Brandenburg,Peitz,lignite,Steam turbine,465.0,1982.0,,51.83444099,14.45903778
KW Jänschwalde,Jänschwalde C,Lausitz Energie Kraftwerke AG,Brandenburg,Peitz,lignite,Steam turbine,465.0,1984.0,,51.83444099,14.45903778
KW Jänschwalde,Jänschwalde D,Lausitz Energie Kraftwerke AG,Brandenburg,Peitz,lignite,Steam turbine,465.0,1985.0,,51.83444099,14.45903778
KW Jänschwalde,,Lausitz Energie Kraftwerke AG,Brandenburg,Peitz,lignite,Steam turbine,465.0,1987.0,,51.83444099,14.45903778
KW Jänschwalde,,Lausitz Energie Kraftwerke AG,Brandenburg,Peitz,lignite,Steam turbine,465.0,1989.0,,51.83444099,14.45903778
Weisweiler,,RWE Power AG,Nordrhein-Westfalen,Eschweiler-Weisweiler,lignite,Steam turbine,123.0,1955.0,2012.0,50.839167,6.321111
Weisweiler,,RWE Power AG,Nordrhein-Westfalen,Eschweiler-Weisweiler,lignite,Steam turbine,135.0,1959.0,2012.0,50.839167,6.321111
Weisweiler,Weisweiler E (4),RWE Power AG,Nordrhein-Westfalen,Eschweiler-Weisweiler,lignite,Steam turbine,321.0,1965.0,,50.839167,6.321111
Weisweiler,Weisweiler F (5),RWE Power AG,Nordrhein-Westfalen,Eschweiler-Weisweiler,lignite,Steam turbine,321.0,1967.0,,50.839167,6.321111
Weisweiler,Weisweiler G (6),RWE Power AG,Nordrhein-Westfalen,Eschweiler-Weisweiler,lignite,Steam turbine,663.0,1974.0,,50.839167,6.321111
Weisweiler,Weisweiler H (7),RWE Power AG,Nordrhein-Westfalen,Eschweiler-Weisweiler,lignite,Steam turbine,656.0,1975.0,,50.839167,6.321111
P&L Werk Euskirchen,,Pfeifer & Langen GmbH & Co. KG,Nordrhein-Westfalen,Euskirchen,lignite,Steam turbine,14.5,1979.0,,50.65803,6.81012
HKW Sachtleben,,Venator Germany GmbH,Nordrhein-Westfalen,Duisburg,lignite,Steam turbine,27.5,1964.0,,51.44089,6.705430000000001
Grubenheizkraftwerk,,ROMONTA GmbH,Sachsen-Anhalt,Seegebiet Mansfelder Land,lignite,Steam turbine,45.0,1979.0,,51.462749,11.714028
Kessel 4,,Papierfabrik Schoellershammer H. A. Schoeller Söhne GmbH & Co KG,Nordrhein-Westfalen,Düren,lignite,Steam turbine,9.3,1983.0,,50.77701,6.48605
Ahrensfelde,,Lausitz Energie Kraftwerke AG,Brandenburg,Ahrensfelde,natural_gas,Gas turbine,37.5,1990.0,,52.58950001,13.5586524
Ahrensfelde,,Lausitz Energie Kraftwerke AG,Brandenburg,Ahrensfelde,natural_gas,Gas turbine,37.5,1990.0,,52.58950001,13.5586524
Ahrensfelde,,Lausitz Energie Kraftwerke AG,Brandenburg,Ahrensfelde,natural_gas,Gas turbine,37.5,1990.0,,52.58950001,13.5586524
Ahrensfelde,,Lausitz Energie Kraftwerke AG,Brandenburg,Ahrensfelde,natural_gas,Gas turbine,37.5,1990.0,,52.58950001,13.5586524
Werkskraftwerk Sappi Alfeld,,Sappi Alfeld GmbH,Niedersachsen,Alfeld,natural_gas,Steam turbine,11.0,1947.0,,51.98513,9.82246
Heizkraftwerk Altbach/Deizisau,"Altbach/Deizisau GT A-C, E",EnBW Energie Baden-Württemberg AG,Baden-Württemberg,Altbach,natural_gas,Gas turbine,50.0,1971.0,,48.717611,9.374917
Heizkraftwerk Altbach/Deizisau,"Altbach/Deizisau GT A-C, E",EnBW Energie Baden-Württemberg AG,Baden-Württemberg,Altbach,natural_gas,Gas turbine,57.0,1973.0,,48.717611,9.374917
Heizkraftwerk Altbach/Deizisau,"Altbach/Deizisau GT A-C, E",EnBW Energie Baden-Württemberg AG,Baden-Württemberg,Altbach,natural_gas,Gas turbine,81.0,1975.0,,48.717611,9.374917
HKW Kassel,,Volkswagen AG,Hessen,Baunatal,natural_gas,Steam turbine,12.2,,2013.0,51.25883,9.43341
Charlottenburg,,Vattenfall Wärme Berlin AG,Berlin,Berlin,natural_gas,Steam turbine,144.0,1975.0,,52.52185624,13.31109524
Lichterfelde,,Vattenfall Wärme Berlin AG,Berlin,Berlin,natural_gas,Steam turbine,144.0,1972.0,2019.0,52.42520804,13.30976486
Lichterfelde,,Vattenfall Wärme Berlin AG,Berlin,Berlin,natural_gas,Steam turbine,144.0,1974.0,2018.0,52.42520804,13.30976486
Lichterfelde,,Vattenfall Europe Wärme AG,Berlin,Berlin,natural_gas,Steam turbine,144.0,,2016.0,52.42520804,13.30976486
Klingenberg,Berlin-Klingenberg,Vattenfall Wärme Berlin AG,Berlin,Berlin,natural_gas,Steam turbine,164.0,1981.0,,52.48891639,13.49696159
HKW Schildescher Straße,,Stadtwerke Bielefeld GmbH,Nordrhein-Westfalen,Bielefeld,natural_gas,Steam turbine,23.0,1977.0,,52.033503,8.539061
Gasturbinenkraftwerk Bielefeld Ummeln,,Uniper Kraftwerke GmbH ,Nordrhein-Westfalen,Bielefeld,natural_gas,Gas turbine,55.0,1975.0,2015.0,51.98396,8.45139
HKW Schildescher Straße,,Stadtwerke Bielefeld GmbH,Nordrhein-Westfalen,Bielefeld,natural_gas,Steam turbine,41.0,1966.0,,52.033503,8.539061
Heizkraftwerk Süd,,Energie- und Wasserversorgung Bonn/Rhein-Sieg GmbH,Nordrhein-Westfalen,Bonn,natural_gas,Steam turbine,14.4,,2012.0,50.73382,7.08055
HKW-Mitte,Braunschweig-Mitte,Braunschweiger Versorgungs-AG & Co. KG,Niedersachsen,Braunschweig,natural_gas,Combined cycle,20.0,1971.0,,52.278611,10.514722
HKW-Nord,,Braunschweiger Versorgungs-AG & Co. KG,Niedersachsen,Braunschweig,natural_gas,Gas turbine,25.0,1965.0,,52.278611,10.514722
KW Hastedt,,swb Erzeugung GmbH & Co. KG,Bremen,Bremen,natural_gas,Steam turbine,155.0,,2016.0,53.060080000000006,8.873280000000001
Burghausen 01 - DT,,Wacker Chemie AG,Bayern,Burghausen,natural_gas,Steam turbine,50.0,1979.0,,48.186212,12.845768
HKW Chemnitz  Nord II,,eins - energie in sachsen GmbH & Co. KG,Sachsen,Chemnitz,natural_gas,Steam turbine,57.2,1986.0,,50.856981,12.923096
GT,,Stadtwerke Düsseldorf AG,Nordrhein-Westfalen,Düsseldorf,natural_gas,Gas turbine,64.7,1975.0,,51.22116,6.73193
GT,,Stadtwerke Düsseldorf AG,Nordrhein-Westfalen,Düsseldorf,natural_gas,Gas turbine,66.7,1974.0,,51.22116,6.73193
Gasblock,,Stadtwerke Düsseldorf AG,Nordrhein-Westfalen,Düsseldorf,natural_gas,Steam turbine,293.0,1977.0,2019.0,51.22138,6.731310000000001
Werkskraftwerk Sappi Ehingen,,Sappi Ehingen GmbH,Baden-Württemberg,Ehingen,natural_gas,Steam turbine,4.0,1977.0,,48.26693,9.72626
Huntorf,Huntorf CAES,Uniper Kraftwerke GmbH ,Niedersachsen,Elsfleth,natural_gas,Gas turbine,321.0,1978.0,,53.18969,8.40869
Emden Gas,,Statkraft Markets GmbH,Niedersachsen,Emden,natural_gas,Steam turbine,433.0,1973.0,,53.34217,7.206239999999999
HKW Niederrad,,Mainova AG,Hessen,Frankfurt am Main,natural_gas,Steam turbine,56.0,,2017.0,50.0856,8.62785
Staudinger,Staudinger 4 (Großkrotzenburg),Uniper Kraftwerke GmbH ,Hessen,Großkrotzenburg,natural_gas,Steam turbine,572.0,1977.0,,50.088553000000005,8.953399000000001
Heizkraftwerk Hagen-Kabel,,Mark-E AG,Nordrhein-Westfalen,Hagen,natural_gas,Steam turbine,230.0,1980.0,,51.41103,7.49171
KWH,,enercity AG,Niedersachsen,Hannover,natural_gas,Steam turbine,102.0,1975.0,,52.42,9.648611
HKW Karcherstr.,,"SWK Stadtwerke Kaiserslautern, Versorgungs-AG",Rheinland-Pfalz,Kaiserslautern,natural_gas,Steam turbine,11.6,1989.0,,49.434659,7.760234
Heizkraftwerk West,,Stadtwerke Karlsruhe GmbH,Baden-Württemberg,Karlsruhe,natural_gas,Steam turbine,37.0,1984.0,,49.014444,8.348056
Kombi-HKW,,Städtische Werke Energie + Wärme GmbH,Hessen,Kassel,natural_gas,Steam turbine,48.31,1988.0,,51.279099,9.484012
KW Kirchlengern,Kirchlengern 1,Energieservice Westfalen Weser GmbH,Nordrhein-Westfalen,Kirchlengern,natural_gas,Combined cycle,125.0,1981.0,,52.19507,8.6482
Landesbergen Gas,,Statkraft Markets GmbH,Niedersachsen,Landesbergen,natural_gas,Gas turbine,56.0,1973.0,,52.54585,9.11363
Landesbergen Gas,,Statkraft Markets GmbH,Niedersachsen,Landesbergen,natural_gas,Steam turbine,431.0,1973.0,,52.54585,9.11363
X-Kraftwerk,Leverkusen G15/G22/X50,Currenta GmbH & Co. OHG,Nordrhein-Westfalen,Leverkusen,natural_gas,Steam turbine,25.0,1981.0,,51.01443,6.98733
Emsland,Emsland C (Lingen) GT 1 u. 2,RWE Generation SE,Niedersachsen,Lingen,natural_gas,Combined cycle,116.0,1974.0,,52.481878,7.306658
Emsland,Emsland B (Lingen) GT 1 u. 2,RWE Generation SE,Niedersachsen,Lingen,natural_gas,Combined cycle,116.0,1973.0,,52.481878,7.306658
Emsland,Emsland B (Lingen) DT,RWE Generation SE,Niedersachsen,Lingen,natural_gas,Combined cycle,359.0,1973.0,,52.481878,7.306658
Emsland,Emsland C (Lingen) DT,RWE Generation SE,Niedersachsen,Lingen,natural_gas,Combined cycle,359.0,1974.0,,52.481878,7.306658
Kraftwerk Mainz,Mainz-Wiesbaden 2-1,Kraftwerke Mainz-Wiesbaden AG,Rheinland-Pfalz,Mainz,natural_gas,Combined cycle,335.0,1976.0,,50.0252,8.24292
Kraftwerk III,Marl III,Evonik Degussa GmbH,Nordrhein-Westfalen,Marl,natural_gas,Combined cycle,61.13,1973.0,,51.68037,7.0968800000000005
Kraftwerk III,Marl III,Evonik Degussa GmbH,Nordrhein-Westfalen,Marl,natural_gas,Combined cycle,77.57,1974.0,,51.68037,7.0968800000000005
Freimann GT 1,,SWM Services GmbH,Bayern,München,natural_gas,Gas turbine,80.0,,2015.0,48.188278,11.594954
Freimann GT 2,,SWM Services GmbH,Bayern,München,natural_gas,Gas turbine,80.0,,2015.0,48.188278,11.594954
Süd DT1,München-Süd GuD 1,SWM Services GmbH,Bayern,München,natural_gas,Combined cycle,79.7,1980.0,,48.1351253,11.5819806
Süd GT3,München-Süd GuD 1,SWM Services GmbH,Bayern,München,natural_gas,Combined cycle,97.9,1980.0,,48.1351253,11.5819806
Süd GT2,München-Süd GuD 1,SWM Services GmbH,Bayern,München,natural_gas,Combined cycle,97.9,1980.0,,48.1351253,11.5819806
Thyrow,,Lausitz Energie Kraftwerke AG,Brandenburg,Nunsdorf,natural_gas,Gas turbine,37.5,1989.0,,52.23015,13.30195
Thyrow,,Lausitz Energie Kraftwerke AG,Brandenburg,Nunsdorf,natural_gas,Gas turbine,37.5,,2016.0,52.23015,13.30195
Thyrow,,Lausitz Energie Kraftwerke AG,Brandenburg,Nunsdorf,natural_gas,Gas turbine,37.5,,2016.0,52.23015,13.30195
Thyrow,,Lausitz Energie Kraftwerke AG,Brandenburg,Nunsdorf,natural_gas,Gas turbine,37.5,,2016.0,52.23015,13.30195
Thyrow,,Lausitz Energie Kraftwerke AG,Brandenburg,Nunsdorf,natural_gas,Gas turbine,36.5,1987.0,,52.23015,13.30195
Thyrow,,Lausitz Energie Kraftwerke AG,Brandenburg,Nunsdorf,natural_gas,Gas turbine,36.5,1987.0,,52.23015,13.30195
Thyrow,,Lausitz Energie Kraftwerke AG,Brandenburg,Nunsdorf,natural_gas,Gas turbine,36.5,1987.0,,52.23015,13.30195
Thyrow,,Lausitz Energie Kraftwerke AG,Brandenburg,Nunsdorf,natural_gas,Gas turbine,36.5,1987.0,,52.23015,13.30195
Franken 1,Franken I-1 (Nürnberg),Uniper Kraftwerke GmbH ,Bayern,Nürnberg,natural_gas,Combined cycle,383.0,1973.0,,49.420836,11.007737
Franken 1,Franken I-2 (Nürnberg),Uniper Kraftwerke GmbH ,Bayern,Nürnberg,natural_gas,Combined cycle,440.0,1976.0,,49.420836,11.007737
HKW 1,,Energieversorgung Oberhausen AG,Nordrhein-Westfalen,Oberhausen,natural_gas,Steam turbine,23.1,1971.0,,51.470671,6.861598
Obernburg,Obernburg,Kraftwerk Obernburg GmbH,Bayern,Obernburg,natural_gas,Combined cycle,40.0,1920.0,,49.82935,9.14824
Heizkraftwerk Pforzheim GmbH,,Heizkraftwerk Pforzheim GmbH,Baden-Württemberg,Pforzheim,natural_gas,Steam turbine,11.3,,2016.0,48.88316,8.6653
Heizkraftwerk Pforzheim GmbH,,Heizkraftwerk Pforzheim GmbH,Baden-Württemberg,Pforzheim,natural_gas,Combined cycle,41.2,1980.0,,48.88316,8.6653
Kraftwerk Veltheim,,Uniper Kraftwerke GmbH ,Nordrhein-Westfalen,Porta Westfalica,natural_gas,Gas turbine,65.0,1974.0,2015.0,52.19004,8.93318
Kraftwerk Veltheim,,Uniper Kraftwerke GmbH ,Nordrhein-Westfalen,Porta Westfalica,natural_gas,Steam turbine,335.0,1975.0,2015.0,52.18696,8.93018
Solvay Kraftwerk Rheinberg,,Solvay Chemicals GmbH,Nordrhein-Westfalen,Rheinberg,natural_gas,Steam turbine,79.0,1961.0,,51.564890000000005,6.578239999999999
HKW Schwarza,,TWS Thüringer Wärme Service GmbH,Thüringen,Rudolstadt,natural_gas,Steam turbine,26.5,1936.0,,50.686928,11.329303
GuD Anlage Spreetal,,Alpiq Spreetal GmbH,Sachsen,Spreetal,natural_gas,Combined cycle,50.0,,2012.0,51.516748,14.366559
Dow Stade,,Dow Deutschland Anlagengesellschaft mbH,Niedersachsen,Stade,natural_gas,Steam turbine,190.0,,2014.0,53.65191970000001,9.5078665
GuD-Ikw Staßfurt,,CIECH Energy Deutschland GmbH,Sachsen-Anhalt,Staßfurt,natural_gas,Combined cycle,9.0,,2015.0,51.59421,11.572945
Heizkraftwerk Stuttgart-Gaisburg,,EnBW Energie Baden-Württemberg AG,Baden-Württemberg,Stuttgart,natural_gas,Gas turbine,55.0,,2014.0,48.782453,9.231483
Gersteinwerk,Gersteinwerk F (Werne),RWE Generation SE,Nordrhein-Westfalen,Werne,natural_gas,Combined cycle,55.0,1973.0,,51.672453,7.709947
Gersteinwerk,Gersteinwerk G (Werne),RWE Generation SE,Nordrhein-Westfalen,Werne,natural_gas,Combined cycle,55.0,1973.0,,51.672453,7.709947
Gersteinwerk,,RWE Generation SE,Nordrhein-Westfalen,Werne,natural_gas,Steam turbine,55.0,1973.0,2018.0,51.672453,7.709947
Gersteinwerk,,RWE Generation SE,Nordrhein-Westfalen,Werne,natural_gas,Steam turbine,55.0,1973.0,,51.672453,7.709947
Gersteinwerk,,RWE Generation SE,Nordrhein-Westfalen,Werne,natural_gas,Steam turbine,355.0,1973.0,,51.672453,7.709947
Gersteinwerk,Gersteinwerk F (Werne),RWE Generation SE,Nordrhein-Westfalen,Werne,natural_gas,Combined cycle,355.0,1973.0,,51.672453,7.709947
Gersteinwerk,Gersteinwerk G (Werne),RWE Generation SE,Nordrhein-Westfalen,Werne,natural_gas,Combined cycle,355.0,1973.0,,51.672453,7.709947
Gersteinwerk,Gersteinwerk K1 (GT) (Werne),RWE Generation SE,Nordrhein-Westfalen,Werne,natural_gas,Gas turbine,112.0,1984.0,,51.672453,7.709947
Heizkraftwerke an der Friedensbrücke,,Heizkraftwerk Würzburg GmbH,Bayern,Würzburg,natural_gas,Steam turbine,23.0,1971.0,,49.800041,9.923136
UPM Augsburg,,UPM GmbH Werk Augsburg,Bayern,Augsburg,natural_gas,Steam turbine,29.0,1967.0,,48.38008,10.90143
Heizkraftwerk,,Stadtwerke Augsburg Energie GmbH,Bayern,Augsburg ,natural_gas,Steam turbine,20.4,1976.0,,48.37509,10.90277
"MT, Düren",,Metsä Tissue GmbH (Werk Düren),Nordrhein-Westfalen,Düren,natural_gas,Steam turbine,14.0,1940.0,,50.77284,6.49003
PWG,,Peißenberger Wärmegesellschaft mbH,Bayern,Peißenberg,natural_gas,Steam turbine,5.3,1989.0,2016.0,47.789499,11.055371
PWG,,Peißenberger Wärmegesellschaft mbH,Bayern,Peißenberg,natural_gas,Steam turbine,5.3,1987.0,2016.0,47.789499,11.055371
UPM Schongau,,UPM GmbH,Bayern,Schongau,natural_gas,Steam turbine,64.0,1954.0,,47.80811,10.90251
Sigmundshall,,K+S AG,Niedersachsen,Wunstorf,natural_gas,Steam turbine,11.0,1974.0,,52.41852,9.36815
HKW Pfaffenwald,,Universität Stuttgart,Baden-Württemberg,Stuttgart,natural_gas,Steam turbine,12.181,1988.0,,48.75081,9.1103
HKW Pfaffenwald,,Universität Stuttgart,Baden-Württemberg,Stuttgart,natural_gas,Steam turbine,11.3377,1969.0,,48.75081,9.1103
HKW Pfaffenwald,,Universität Stuttgart,Baden-Württemberg,Stuttgart,natural_gas,Steam turbine,11.6188,1968.0,,48.75081,9.1103
PKV Kraftwerk,,Papier- u. Kartonfabrik Varel GmbH & Co. KG,Niedersachsen,Varel,natural_gas,Steam turbine,58.1,1989.0,,53.40317,8.128210000000001
PKV Kraftwerk,,Papier- u. Kartonfabrik Varel GmbH & Co. KG,Niedersachsen,Varel,natural_gas,Steam turbine,0.48,1968.0,,53.40317,8.128210000000001
Holthausen,,Henkel AG & Co. KGaA,Nordrhein-Westfalen,Düsseldorf,natural_gas,Steam turbine,84.0,1948.0,,51.17565,6.83805
Heizkraftwerk,,DS Smith Paper Deutschland GmbH,Bayern,Aschaffenburg,natural_gas,Steam turbine,27.0,,2012.0,49.988218,9.155761
Heizkraftwerk Evonik Rheinfelden,,Evonik Degussa GmbH,Baden-Württemberg,Rheinfelden,natural_gas,Steam turbine,15.68,1979.0,,47.570794,7.807192
Gaskraftwerk,,DS Smith Paper Deutschland GmbH,Hessen,Witzenhausen,natural_gas,Steam turbine,13.2,1990.0,,51.31981075,9.848941452
Kraftwerk 2,,Papierfabrik Adolf Jass GmbH & Co. KG,Hessen,Fulda,natural_gas,Steam turbine,7.5,1982.0,,50.56912,9.68128
Werk Nordstemmen,,"Nordzucker AG, Werk Nordstemmen",Niedersachsen,Nordstemmen,natural_gas,Steam turbine,30.6,1953.0,,52.16921,9.7909
HKW 1 Werk Offstein,,Südzucker AG Mannheim,Rheinland-Pfalz,Obrigheim,natural_gas,Steam turbine,30.0,1961.0,,49.599140000000006,8.22096
Gemeinschaftskraftwerk Weig,,Moritz J. Weig GmbH & Co KG,Rheinland-Pfalz,Mayen,natural_gas,Steam turbine,8.4,1971.0,,50.321134,7.233907
Heizkraftwerk Bomlitz,,Sales & Solutions GmbH,Niedersachsen,Bomlitz,natural_gas,Steam turbine,12.75,1969.0,,52.904778,9.658513
HKW-Mitte,,Stadtwerke Lemgo GmbH,Nordrhein-Westfalen,Lemgo,natural_gas,Steam turbine,10.1,1980.0,,52.029657,8.907163
Energieversogung Wedding,,Bayer AG,Berlin,Berlin,natural_gas,Steam turbine,15.0,1972.0,,52.53931,13.363904000000002
KWK-Anlage Neukochen,,Papierfabrik Palm GmbH & Co. KG,Baden-Württemberg,Aalen,natural_gas,Steam turbine,15.0,1960.0,,48.836270500000005,10.0931765
Wilmersdorf,,Vattenfall Wärme Berlin AG,Berlin,Berlin,oil,Gas turbine,184.0,1977.0,,52.48159366,13.30761909
Wilmersdorf,,Vattenfall Wärme Berlin AG,Berlin,Berlin,oil,Gas turbine,92.0,1977.0,2018.0,52.48159366,13.30761909
Moabit,,Vattenfall Wärme Berlin AG,Berlin,Berlin,oil,Gas turbine,34.0,1971.0,,52.53735111,13.34611416
Moabit,,Vattenfall Wärme Berlin AG,Berlin,Berlin,oil,Gas turbine,17.0,1971.0,2018.0,52.53735111,13.34611416
KW Mittelsbüren,,swb Erzeugung AG & Co. KG,Bremen,Bremen,oil,Gas turbine,86.0,1975.0,,53.12891,8.68524
Brunsbüttel,,Vattenfall Europe Nuclear Energy GmbH,Schleswig-Holstein,Brunsbüttel,oil,Gas turbine,63.5,,2017.0,53.89251924,9.201135635
Brunsbüttel,,Vattenfall Europe Nuclear Energy GmbH,Schleswig-Holstein,Brunsbüttel,oil,Gas turbine,63.5,,2017.0,53.89251924,9.201135635
Brunsbüttel,,Vattenfall Europe Nuclear Energy GmbH,Schleswig-Holstein,Brunsbüttel,oil,Gas turbine,63.5,,2017.0,53.89251924,9.201135635
Brunsbüttel,,Vattenfall Europe Nuclear Energy GmbH,Schleswig-Holstein,Brunsbüttel,oil,Gas turbine,63.5,,2017.0,53.89251924,9.201135635
GT,,Stadtwerke Düsseldorf AG,Nordrhein-Westfalen,Düsseldorf,oil,Gas turbine,86.2,1972.0,,51.222794,6.813696
HKW Flensburg,Flensburg K09 bis K12,Stadtwerke Flensburg GmbH,Schleswig-Holstein,Flensburg,oil,Combined cycle,30.0,,2012.0,54.80506,9.43238
Ingolstadt,Ingolstadt 3 - Großmehring,Uniper Kraftwerke GmbH ,Bayern,Großmehring,oil,Steam turbine,386.0,1973.0,,48.761412,11.503001
Ingolstadt,Ingolstadt 4 - Großmehring,Uniper Kraftwerke GmbH ,Bayern,Großmehring,oil,Steam turbine,386.0,1974.0,,48.761412,11.503001
Kraftwerk Hausham,Hausham GT 1 bis 4,Peissenberger Kraftwerksgesellschaft mbH,Bayern,Hausham,oil,Gas turbine,23.4,1982.0,,47.752396000000005,11.839802
Kraftwerk Hausham,Hausham GT 1 bis 4,Peissenberger Kraftwerksgesellschaft mbH,Bayern,Hausham,oil,Gas turbine,23.4,1982.0,,47.752396000000005,11.839802
Kraftwerk Hausham,Hausham GT 1 bis 4,Peissenberger Kraftwerksgesellschaft mbH,Bayern,Hausham,oil,Gas turbine,23.4,1982.0,,47.752396000000005,11.839802
Kraftwerk Hausham,Hausham GT 1 bis 4,Peissenberger Kraftwerksgesellschaft mbH,Bayern,Hausham,oil,Gas turbine,23.4,1982.0,,47.752396000000005,11.839802
Dampfkraftwerk Marbach am Neckar,,EnBW Energie Baden-Württemberg AG,Baden-Württemberg,Marbach,oil,Gas turbine,77.4,1971.0,,48.927497,9.230005
Dampfkraftwerk Marbach am Neckar,Marbach III,EnBW Energie Baden-Württemberg AG,Baden-Württemberg,Marbach,oil,Combined cycle,85.0,1975.0,,48.927497,9.230005
Dampfkraftwerk Marbach am Neckar,Marbach III,EnBW Energie Baden-Württemberg AG,Baden-Württemberg,Marbach,oil,Combined cycle,263.5,1975.0,,48.927497,9.230005
Itzehoe,,Uniper Kraftwerke GmbH ,Schleswig-Holstein,Oldendorf,oil,Steam turbine,88.0,1972.0,,53.966422,9.449486
Audorf,,Uniper Kraftwerke GmbH ,Schleswig-Holstein,Osterrönfeld,oil,Steam turbine,87.0,1973.0,,54.290672,9.722775
IKS PCK Schwedt,,PCK Raffinerie GmbH,Brandenburg,PCK Schwedt,oil,Steam turbine,28.0,1972.0,,53.098180000000006,14.23454
Restmüll-Heizkraftwerk Stuttgart-Münster,Stuttgart-Münster,EnBW Energie Baden-Württemberg AG,Baden-Württemberg,Stuttgart,oil,Steam turbine,23.3,1974.0,,48.815833000000005,9.221111
Restmüll-Heizkraftwerk Stuttgart-Münster,Stuttgart-Münster,EnBW Energie Baden-Württemberg AG,Baden-Württemberg,Stuttgart,oil,Steam turbine,23.3,1974.0,,48.815833000000005,9.221111
Restmüll-Heizkraftwerk Stuttgart-Münster,Stuttgart-Münster,EnBW Energie Baden-Württemberg AG,Baden-Württemberg,Stuttgart,oil,Steam turbine,23.3,1974.0,,48.815833000000005,9.221111
Irsching,Irsching 3,Uniper Kraftwerke GmbH ,Bayern,Vohburg,oil,Steam turbine,415.0,1974.0,,48.76702,11.580033
Kraftwerk Walheim,Walheim GT D,EnBW Energie Baden-Württemberg AG,Baden-Württemberg,Walheim,oil,Gas turbine,136.0,1981.0,,49.017472,9.157389
SKW Gasturbine,,Allgäuer Überlandwerk GmbH,Bayern,Waltenhofen-Veits,oil,Gas turbine,24.0,1988.0,,47.683464,10.31911
SKW Diesel,,Allgäuer Überlandwerk GmbH,Bayern,Waltenhofen-Veits,oil,Steam turbine,10.5,1978.0,,47.683464,10.31911
Wedel,Wedel A und B,Vattenfall Hamburg Wärme GmbH,Schleswig-Holstein,Wedel,oil,Gas turbine,50.5,1972.0,,53.56625104,9.728479385
Wedel,Wedel A und B,Vattenfall Hamburg Wärme GmbH,Schleswig-Holstein,Wedel,oil,Gas turbine,50.5,1972.0,,53.56625104,9.728479385
Kraftwerk Werdohl-Elverlingsen,,Mark-E AG,Nordrhein-Westfalen,Werdohl,oil,Steam turbine,206.0,1975.0,,51.27559,7.70637
Wilhelmshaven,,Uniper Kraftwerke GmbH ,Niedersachsen,Wilhelmshaven,oil,Gas turbine,56.0,1973.0,,53.565819,8.146245
Zolling,,ENGIE Deutschland AG,Bayern,Zolling,oil,Gas turbine,50.0,1976.0,,48.45534,11.8019
DKW Nord,,Vereinigte Wertach-Elektrizitätswerke GmbH,Bayern,Mindelheim,oil,Steam turbine,11.4,1988.0,,48.062671,10.486643
DKW Leinau,,Vereinigte Wertach-Elektrizitätswerke GmbH,Bayern,Pforzen,oil,Steam turbine,11.4,1978.0,,47.912537,10.61174
Kraftwerk,,Basell Polyolefine GmbH,Nordrhein-Westfalen,Wesseling,oil,Steam turbine,90.0,1962.0,,50.83051,6.95936
Spitzenkraftwerk,,Eurowatt Spitzenkraft GmbH,Bayern,Deggendorf,oil,Steam turbine,19.0,,2014.0,48.85906,13.00692
KW Mittelsbüren,Bremen-Mittelsbüren 4,ArcelorMittal Bremen GmbH,Bremen,Bremen,,Steam turbine,160.0,1975.0,,53.12891,8.68524
KW Mittelsbüren,,swb Erzeugung GmbH & Co. KG,Bremen,Bremen,,Steam turbine,110.0,,2013.0,53.12891,8.68524
Duisburg Ruhrort 2,,ThyssenKrupp Steel Europe AG,Nordrhein-Westfalen,Duisburg - Ruhrort,,Steam turbine,60.0,1955.0,,51.459673,6.730574000000001
Duisburg Ruhrort 3,Duisburg-Ruhrort 3,ThyssenKrupp Steel Europe AG,Nordrhein-Westfalen,Duisburg - Ruhrort,,Steam turbine,95.0,1963.0,,51.459673,6.730574000000001
Duisburg Ruhrort 4,Duisburg-Ruhrort 4,ThyssenKrupp Steel Europe AG,Nordrhein-Westfalen,Duisburg - Ruhrort,,Steam turbine,170.0,1968.0,,51.459673,6.730574000000001
IKW,Eisenhüttenstadt,ArcelorMittal Eisenhüttenstadt GmbH,Brandenburg,Eisenhüttenstadt,,Steam turbine,45.0,1954.0,,52.1674,14.626970000000002
HKW West,Frankfurt-West 2 u. 3,Mainova AG,Hessen,Frankfurt am Main,,Steam turbine,19.7,,2016.0,50.09847,8.653030000000001
Duisburg Hamborn 3,,ThyssenKrupp Steel Europe AG,Nordrhein-Westfalen,Hamborn,,Steam turbine,59.0,1958.0,,51.49100000000001,6.72749
Duisburg Hamborn 4,Duisburg-Hamborn 4,ThyssenKrupp Steel Europe AG,Nordrhein-Westfalen,Hamborn,,Steam turbine,101.0,1976.0,,51.49100000000001,6.72749
Huckingen,Huckingen A,Hüttenwerke Krupp Mannesmann GmbH,Nordrhein-Westfalen,Duisburg-Huckingen,,Combined cycle,303.0,1976.0,,51.36787,6.7167
Huckingen,Huckingen B,Hüttenwerke Krupp Mannesmann GmbH,Nordrhein-Westfalen,Duisburg-Huckingen,,Combined cycle,303.0,1977.0,,51.36787,6.7167
Kraftwerk Nord,Ludwigshafen-Nord,BASF SE,Rheinland-Pfalz,Ludwigshafen,,Combined cycle,87.5,1964.0,,48.552941,8.407401
Heizkraftwerk NMS,,SWN Stadtwerke Neumünster GmbH,Schleswig-Holstein,Neumünster,,Steam turbine,53.6,1974.0,,54.0821,10.15
Kraftwerk Salzgitter,Salzgitter-Hallendorf AB,Salzgitter Flachstahl GmbH,Niedersachsen,Salzgitter,,Steam turbine,94.5,1939.0,,52.1579,10.39579
UPM Schongau,,UPM GmbH,Bayern,Schongau,,Steam turbine,6.0,1989.0,,47.80811,10.90251
O10,Köln (Ineos),Ineos Manufacturing Deutschland GmbH,Nordrhein-Westfalen,Köln,,Gas turbine,15.5,1964.0,,51.06948,6.84669
O10,Köln (Ineos),Ineos Manufacturing Deutschland GmbH,Nordrhein-Westfalen,Köln,,Gas turbine,19.2,1964.0,,51.06948,6.84669
O10,Köln (Ineos),Ineos Manufacturing Deutschland GmbH,Nordrhein-Westfalen,Köln,,Gas turbine,15.5,1963.0,,51.06948,6.84669
O10,Köln (Ineos),Ineos Manufacturing Deutschland GmbH,Nordrhein-Westfalen,Köln,,Gas turbine,10.4,1966.0,,51.06948,6.84669
O10,Köln (Ineos),Ineos Manufacturing Deutschland GmbH,Nordrhein-Westfalen,Köln,,Gas turbine,33.6,1967.0,,51.06948,6.84669
Oxea GmbH,,OXEA Produktion GmbH & Co.KG,Nordrhein-Westfalen,Oberhausen,,Steam turbine,38.0,1929.0,,51.52462,6.8011
Kraftwerk Raffinerie Heide,,Raffinerie Heide GmbH,Schleswig-Holstein,Hemminstedt,,Steam turbine,44.5,1961.0,,54.154861,9.076647
Werk Kalscheuren,,Orion Engineered Carbons GmbH,Nordrhein-Westfalen,Köln,,Steam turbine,26.5,1967.0,,50.87357395,6.918529651
MVA Bielefeld,,MVA Bielefeld-Herford GmbH,Nordrhein-Westfalen,Bielefeld,,Steam turbine,34.0,1981.0,,52.04269,8.60719
Heizkraftwerk Karlstraße,,Energie- und Wasserversorgung Bonn/Rhein-Sieg GmbH,Nordrhein-Westfalen,Bonn,,Steam turbine,12.0,1990.0,,50.73382,7.08055
DT,,Stadtwerke Düsseldorf AG,Nordrhein-Westfalen,Düsseldorf,,Steam turbine,48.9,1955.0,,51.22455,6.81543
MHKW Frankfurt,,Mainova AG,Hessen,Frankfurt am Main,,Steam turbine,26.0,1969.0,,50.16173,8.63596
Enertec Hameln,,Enertec Hameln GmbH,Niedersachsen,Hameln,,Steam turbine,13.2,1913.0,,52.09875,9.38821
Karnap,,RWE Generation SE,Nordrhein-Westfalen,Essen,,Steam turbine,38.0,1987.0,,51.51543,6.99382
HKW Mannheim,,MVV Energie AG,Baden-Württemberg,Mannheim,,Steam turbine,2.78,,2013.0,49.5224,8.45294
HKW Mannheim,,MVV Energie AG,Baden-Württemberg,Mannheim,,Steam turbine,5.56,,2012.0,49.5224,8.45294
"MHKW, WKW",,Stadtwerke Rosenheim GmbH & Co. KG,Bayern,Rosenheim,,Steam turbine,9.0,1988.0,,47.856134,12.134085
GKS,,GKS Gemeinschaftskraftwerk Schweinfurt GmbH,Bayern,Schweinfurt,,Steam turbine,24.4,1990.0,,50.02969,10.224
Nord 3,,SWM Services GmbH,Bayern,Unterföhring,,Steam turbine,22.0,1984.0,,48.180506,11.639612
BEG,,Bremerhavener Entsorgungsgesellschaft mbH,Bremen,Bremerhaven,,Steam turbine,14.0,1977.0,,53.54782,8.61792
EEW Göppingen,,EEW Energy from Waste Göppingen GmbH,Baden-Württemberg,Göppingen,,Steam turbine,11.0,1975.0,,48.68232,9.67126
MVA Hamm,,MHB Hamm Betriebsführungsgesellschaft mbH,Nordrhein-Westfalen,Hamm,,Steam turbine,14.6,1986.0,,51.68039,7.744219999999999
RZR Herten I,,AGR Abfallentsorgungsgesellschaft Ruhrgebiet mbH,Nordrhein-Westfalen,Herten,,Steam turbine,15.5,1982.0,,51.55728,7.164060000000001
MVA Ingolstadt,,Zweckverband Müllverwertungsanlage Ingolstadt (MVA Ingolstadt),Bayern,Ingolstadt,,Steam turbine,25.5,1984.0,,48.7645,11.49185
Müllheizkraftwerk,,Müllheizkraftwerk Kassel GmbH,Hessen,Kassel,,Steam turbine,14.7,1985.0,,51.2976283,9.52410538
MKVA Krefeld,,EGK Entsorgungsgesellschaft Krefeld GmbH & Co.KG,Nordrhein-Westfalen,Krefeld,,Steam turbine,13.5,1982.0,,51.38038,6.63732
MKVA Krefeld,,EGK Entsorgungsgesellschaft Krefeld GmbH & Co.KG,Nordrhein-Westfalen,Krefeld,,Steam turbine,1.5,1976.0,,51.38038,6.63732
MKVA Krefeld,,EGK Entsorgungsgesellschaft Krefeld GmbH & Co.KG,Nordrhein-Westfalen,Krefeld,,Steam turbine,1.5,1976.0,,51.38038,6.63732
FHKW Ludwigshafen,,Technische Werke Ludwigshafen AG,Rheinland-Pfalz,Ludwigshafen,,Steam turbine,28.0,1967.0,,49.48505,8.426219999999999
Müllheizkraftwerk Offenbach,,Energieversorgung Offenbach AG,Hessen,Offenbach,,Steam turbine,14.5,1972.0,,50.06533,8.76898
Müllkraftwerk Schwandorf,,Zweckverband Müllverwertung Schwandorf,Bayern,Schwandorf,,Steam turbine,54.0,1982.0,,49.30998,12.08795
AMK - Abfallentsorgungsgesellschaft des Märkischen Kreises mbH,,AMK - Abfallentsorgungsgesellschaft des Märkischen Kreises mbH,Nordrhein-Westfalen,Iserlohn,,Steam turbine,12.61,1981.0,,51.3971,7.696739999999999
Müllheizkraftwerk,,EKOCity GmbH,Nordrhein-Westfalen,Wuppertal,,Steam turbine,30.0,1976.0,,51.22515,7.1422300000000005
AHKW Neunkirchen,,EEW Energy from Waste Saarbrücken GmbH,Saarland,Neunkirchen,,Steam turbine,11.6,1977.0,,49.33857,7.17001
Turbosatz 1,,Zweckverband Abfallwirtschaft Raum Würzburg,Bayern,Würzburg,,Steam turbine,8.7,1984.0,,49.793,9.99406
Turbine 4,,KÄMMERER Energie GmbH,Niedersachsen,Osnabrück,,Steam turbine,9.5,1962.0,,52.2940363,8.0229623
Turbine 5,,KÄMMERER Energie GmbH,Niedersachsen,Osnabrück,,Steam turbine,9.8,1972.0,,52.2940363,8.0229623
Brokdorf,Brokdorf (KBR),Preussen Elektra GmbH,Schleswig-Holstein,Brokdorf,nuclear,Steam turbine,1410.0,1986.0,2021.0,53.851095,9.345944
Grohnde,Grohnde (KWG),Preussen Elektra GmbH,Niedersachsen,Grohnde,nuclear,Steam turbine,1360.0,1985.0,2021.0,52.035641,9.413497
Isar 2,Isar 2 - Essenbach (KKI) (Ohu),Preussen Elektra GmbH,Bayern,Isar,nuclear,Steam turbine,1410.0,1988.0,2023.0,48.6046,12.29507
Grafenrheinfeld,Grafenrheinfeld (KKG),E.ON Kernkraft GmbH,Bayern,Grafenrheinfeld,nuclear,Steam turbine,1275.0,1982.0,2015.0,49.984424,10.181753
Kernkraft Gundremmingen B,Gundremmingen B (KRB),RWE Power AG,Bayern,Gundremmingen,nuclear,Steam turbine,1284.0,1984.0,2017.0,48.51504,10.4015648
Kernkraft Gundremmingen C,Gundremmingen C (KRB),RWE Power AG,Bayern,Gundremmingen,nuclear,Steam turbine,1288.0,1984.0,2021.0,48.51608,10.39822
Kernkraftwerk Emsland,Emsland-Lingen (KLE),RWE Power AG,Niedersachsen,Lingen,nuclear,Steam turbine,1336.0,1988.0,2023.0,52.481878,7.306658
Gemeinschaftskernkraftwerk Neckarwestheim II,Neckarwestheim 2 GKN,EnBW Energie Baden-Württemberg AG,Baden-Württemberg,Neckarwestheim,nuclear,Steam turbine,1310.0,1989.0,2023.0,49.041111,9.175
Kernkraftwerk Philippsburg 2,Philippsburg 2 (KKP),EnBW Energie Baden-Württemberg AG,Baden-Württemberg,Philippsburg,nuclear,Steam turbine,1402.0,1985.0,2019.0,49.252722,8.435436
Biblis A,Biblis A (KWB A),RWE Power AG,Hessen,Biblis,nuclear,Steam turbine,1200.0,1974.0,2011.0,49.692,8.425
Biblis B,Biblis B (KWB B),RWE Power AG,Hessen,Biblis,nuclear,Steam turbine,1300.0,1976.0,2011.0,49.692,8.425
Unterweser,Unterweser (KKU),Preussen Elektra GmbH,Niedersachsen,Unterweser,nuclear,Steam turbine,1345.0,1978.0,2011.0,53.471,8.468
Krümmel,Krümmel (KKK),Vattenfall Europe Nuclear Energy GmbH,Schleswig-Holstein,Krümmel,nuclear,Steam turbine,1346.0,1983.0,2011.0,53.425,10.407
Neckarwestheim 1,GKN I,EnBW Energie Baden-Württemberg AG,Baden-Württemberg,Neckarwestheim,nuclear,Steam turbine,840.0,1976.0,2011.0,49.041,9.175
Philippsburg 1,KKP 1,EnBW Energie Baden-Württemberg AG,Baden-Württemberg,Philippsburg,nuclear,Steam turbine,926.0,1979.0,2011.0,49.252,8.435
Mülheim-Kärlich,Mülheim-Kärlich (KMK),RWE Power AG,Rheinland-Pfalz,Mülheim-Kärlich,nuclear,Steam turbine,1219,1987,1990,50.384,7.527
Dummy lignite,,Placeholder Utility,,,lignite,aggregate,6204.6,1980.0,,,
Dummy hard_coal,,Placeholder Utility,,,hard_coal,aggregate,7052.299999999999,1980.0,,,
Dummy oil,,Placeholder Utility,,,oil,aggregate,1522.1,1980.0,,,
